lower angle,upper angle,holding angle,system x,acceleration,ticks (50 tps),
1.57079632679,0.0,0,7.50096164478e-16,0.0,14,
1.57079632679,0.0,0,7.50096164478e-16,0.0,15,
1.57079632679,0.0,0,7.50096164478e-16,0.0,16,
1.57079632679,0.0,0,7.50096164478e-16,0.0,17,
1.57079632679,0.0,0,7.50096164478e-16,0.0,18,
1.57079632679,0.0,0,7.50096164478e-16,0.0,19,
1.57079632679,0.0,0,7.50096164478e-16,0.0,20,
1.57079632679,0.0,0,7.50096164478e-16,0.0,21,
1.57079632679,0.0,0,7.50096164478e-16,0.0,22,
1.57079632679,0.0,0,7.50096164478e-16,0.0,23,
1.57079632679,0.0,0,7.50096164478e-16,0.0,24,
1.57079632679,0.0,0,7.50096164478e-16,0.0,25,
1.57079632679,0.0,0,7.50096164478e-16,0.0,26,
1.57079632679,0.0,0,7.50096164478e-16,0.0,27,
1.57079632679,0.0,0,7.50096164478e-16,0.0,28,
1.57079632679,0.0,0,7.50096164478e-16,0.0,29,
1.57079632679,0.0,0,7.50096164478e-16,0.0,30,
1.57079632679,0.0,0,7.50096164478e-16,0.0,31,
1.57079632679,0.0,0,7.50096164478e-16,0.0,32,
1.57079632679,0.0,0,7.50096164478e-16,0.0,33,
1.57079632679,0.0,0,7.50096164478e-16,0.0,34,
1.57079632679,0.0,0,7.50096164478e-16,0.0,35,
1.57079632679,0.0,0,7.50096164478e-16,0.0,36,
1.57079632679,0.0,0,7.50096164478e-16,0.0,37,
1.57079632679,0.0,0,7.50096164478e-16,0.0,38,
1.57079632679,0.0,0,7.50096164478e-16,0.0,39,
1.57079632679,0.0,0,7.50096164478e-16,0.0,40,
1.57079632679,0.0,0,7.50096164478e-16,0.0,41,
1.57079632679,0.0,0,7.50096164478e-16,0.0,42,
1.57079632679,0.0,0,7.50096164478e-16,0.0,43,
1.57079632679,0.0,0,7.50096164478e-16,0.0,44,
1.57079632679,0.0,0.01,7.50096164478e-16,0.0,45,
1.57072394671,0.000141334545333,0.01,0.000144649666099,2.31113431691e-05,46,
1.57057965186,0.000423085817602,0.01,0.000433067379538,4.59335699403e-05,47,
1.57036421635,0.000843619345687,0.01,0.000864351411606,6.8455031942e-05,48,
1.57007878647,0.00140051392373,0.01,0.00143717078808,9.06312477357e-05,49,
1.56972487719,0.0020905691199,0.01,0.00214976923642,0.000112370365934,50,
1.56930436736,0.0029098149389,0.01,0.00299997332527,0.000133629393852,51,
1.56881949451,0.00385352480225,0.01,0.00398518701093,0.000154336003297,52,
1.56827284704,0.00491622835398,0.01,0.00510242132284,0.000174435659463,53,
1.56766735768,0.00609172973782,0,0.0063482774971,0.000193901916353,54,
1.56707867311,0.00723178964108,0,0.00757434006699,0.000190202825192,55,
1.56650991977,0.00832973700017,0,0.0087773327931,0.000186046736929,56,
1.56596422807,0.00937895104289,0,0.00995366704174,0.000181327558124,57,
1.5654446595,0.0103729646653,0,0.0110997917988,0.000176100549981,58,
1.5649541957,0.0113054718822,0,0.0122122886144,0.00017038217986,59,
1.56449572841,0.0121703604236,0,0.0132878231205,0.000164193964448,60,
1.56407205347,0.0129617163911,0,0.0143231947407,0.000157576130063,61,
1.56368586008,0.0136738559231,0,0.015315301646,0.000150499372361,62,
1.56333972613,0.0143013270572,0,0.0162611880096,0.000143053035316,63,
1.56303610752,0.0148389395326,0,0.0171580187334,0.000135204845041,64,
1.56277733209,0.0152817675844,0,0.0180031389162,0.000127006923784,65,
1.56256559125,0.0156251769513,0,0.0187940347175,0.000118483761118,66,
1.56240293576,0.0158648304641,0,0.019528355332,0.000109678316971,67,
1.56229127018,0.015996703878,0,0.0202038982912,0.000100582503542,68,
1.56223234447,0.0160170942545,0,0.0208186680997,9.12427843457e-05,69,
1.56222774933,0.015922633931,0,0.0213708598984,8.16999097016e-05,70,
1.56227891246,0.0157103072852,0,0.0218588170486,7.19814236879e-05,71,
1.56238709676,0.0153774423525,0,0.0222810979081,6.21005716192e-05,72,
1.56255338999,0.0149217341095,0,0.0226364790432,5.21066542121e-05,73,
1.56277870952,0.0143412463367,0,0.0229238883608,4.2016582773e-05,74,
1.56306379341,0.0136344144121,0,0.0231424987703,3.18599871396e-05,75,
1.56340920046,0.0128000564873,0,0.0232916694635,2.16733428704e-05,76,
1.56381531019,0.0118373669684,0,0.0233709800922,1.14895186241e-05,77,
1.56428231771,0.0107459332794,0,0.0233802054598,1.33241159415e-06,78,
1.56481023837,0.00952572096139,0,0.0233193366661,-8.76441286024e-06,79,
1.56539890269,0.00817708764225,0,0.0231885704731,-1.87718863368e-05,80,
1.56604796002,0.00670077232644,0,0.0229883198643,-2.8659059366e-05,81,
1.56675687904,0.00509789725766,0,0.0227191985315,-3.84001929117e-05,82,
1.56752494752,0.00336996559054,0,0.0223820359273,-4.79647171241e-05,83,
1.56835127651,0.0015188556863,0,0.0219778558578,-5.73270636157e-05,84,
1.56923480233,-0.000453472137451,0,0.0215093917912,-6.62473207116e-05,85,
1.57017429284,-0.00254392623901,0,0.020975500674,-7.52757499273e-05,86,
1.57116873662,-0.0047492980957,0,0.0203717213933,-8.48763637417e-05,87,
1.57221539418,-0.00706720352173,0,0.0197190887231,-9.14699569435e-05,88,
1.57331402699,-0.00949335098267,0,0.0189979868823,-0.000100778883129,89,
1.57446129719,-0.0120239257812,0,0.0182292693602,-0.000107117673332,90,
1.57565672795,-0.0146546363831,0,0.0173962387494,-0.000115740651461,91,
1.57689650456,-0.0173807144165,0,0.0165205818863,-0.000121308612076,92,
1.57817967335,-0.0201978683472,0,0.0155914418218,-0.000128343402726,93,
1.5795033733,-0.0231003761292,0,0.0146138159844,-0.000134648255995,94,
1.58086474339,-0.0260825157166,0,0.0135927015513,-0.000140233514746,95,
1.58226139943,-0.0291395187378,0,0.0125322608395,-0.000145212163741,96,
1.58369048039,-0.0322651863098,0,0.0114349876179,-0.000149821663428,97,
1.58514912526,-0.0354533195496,0,0.0103033758288,-0.000154064260299,98,
1.58663399617,-0.0386981964111,0,0.00914826262729,-0.000156827754968,99,
1.58814270894,-0.0419921875,0,0.00795879387033,-0.000161031878085,100,
1.5896719257,-0.0453300476074,0,0.00674831016572,-0.000163409338086,101,
1.59121878544,-0.0487041473389,0,0.00551179945645,-0.000166463088794,102,
1.59277899663,-0.0521082878113,0,0.00426927668947,-0.000166802050748,103,
1.5943506519,-0.0555353164673,0,0.00300655513848,-0.000169035205162,104,
1.59592945973,-0.0589780807495,0,0.00173864615634,-0.000169270192385,105,
1.59751255909,-0.0624299049377,0,0.000465546406772,-0.000169508447402,106,
1.59909661213,-0.0658841133118,0,-0.000806907493988,-0.000168944707151,107,
1.60067828099,-0.0693325996399,0,-0.00208038260234,-0.000168606569687,108,
1.60225375096,-0.0727691650391,0,-0.00334070051408,-0.000166402496893,109,
1.60382063786,-0.0761871337891,0,-0.00459369657093,-0.000164988677149,110,
1.605375127,-0.0795788764954,0,-0.00583269387354,-0.000162692015054,111,
1.60691435734,-0.0829377174377,0,-0.00705768582818,-0.000160403841319,112,
1.6084345142,-0.0862574577332,0,-0.00825449096266,-0.000156276916332,113,
1.60993321339,-0.0895314216614,0,-0.00942893606768,-0.000124307374375,114,
1.61140664021,-0.092752456665,0,-0.0105718382889,-0.000120957902753,115,
1.61285288731,-0.0959148406982,0,-0.0116898538846,-0.000118073101788,116,
1.61426814,-0.0990128517151,0,-0.0127662977322,-0.000113430098852,117,
1.61565001408,-0.102040290833,0,-0.0138044879073,-0.000109166516694,118,
1.61699564854,-0.104990959167,0,-0.0148019054715,-0.000104656696898,119,
1.61830265919,-0.107860088348,0,-0.0157543659977,-9.97174037928e-05,120,
1.61956866185,-0.110642433167,0,-0.0166601828172,-9.46351734497e-05,121,
1.62079127232,-0.113332748413,0,-0.017517667514,-8.9384390799e-05,122,
1.62196810643,-0.115926742554,0,-0.0183201336739,-8.34658668604e-05,123,
1.62309677998,-0.118419647217,0,-0.0190633929559,-7.71454277335e-05,124,
1.62417633931,-0.120807647705,0,-0.0197557533029,-7.17042970621e-05,125,
1.62520440022,-0.123086929321,0,-0.0203880276298,-6.53454434024e-05,126,
1.62617953221,-0.125254154205,0,-0.0209601927372,-5.90036240693e-05,127,
1.62710030476,-0.127306461334,0,-0.0214697271966,-5.24313210979e-05,128,
1.62796481053,-0.129240512848,0,-0.0219107769145,-4.52855481357e-05,129,
1.62877304951,-0.131054401398,0,-0.0222933139273,-3.91927713671e-05,130,
1.62952311436,-0.132746219635,0,-0.0226039930207,-3.17619357694e-05,131,
1.63021452824,-0.134314060211,0,-0.02284695658,-2.47850096408e-05,132,
1.63084681431,-0.135756492615,0,-0.023023849626,-1.80064296531e-05,133,
1.63141949574,-0.137073040009,0,-0.0231313246985,-1.09166287597e-05,134,
1.63193257252,-0.138262271881,0,-0.0231768547075,-4.61472743002e-06,135,
1.63238509099,-0.139325141907,0,-0.0231437776872,3.34540374518e-06,136,
1.6327780048,-0.140261173248,0,-0.0230462306302,9.84480370611e-06,137,
1.63311131398,-0.14107131958,0,-0.0228792082334,1.68222487604e-05,138,
1.63338549534,-0.141756057739,0,-0.0226460290013,2.34355701052e-05,139,
1.63360150258,-0.142316818237,0,-0.0223508476699,2.96039848729e-05,140,
1.63375933568,-0.14275598526,0,-0.0219811754524,3.69962416933e-05,141,
1.63385994832,-0.143074512482,0,-0.021543664649,4.3697249723e-05,142,
1.63390572468,-0.143275260925,0,-0.0210524662723,4.89559845825e-05,143,
1.63389666478,-0.143361091614,0,-0.0204925993579,5.56885059404e-05,144,
1.63383467595,-0.14333486557,0,-0.019872390324,6.15673747457e-05,145,
1.63372166554,-0.143199920654,0,-0.0191976711776,6.68448988814e-05,146,
1.63355858723,-0.142960071564,0,-0.0184601263906,7.29153198344e-05,147,
1.63334830205,-0.142619609833,0,-0.0176722524084,7.77302444209e-05,148,
1.63309224049,-0.142182826996,0,-0.0168290666867,8.30135915839e-05,149,
1.63279278676,-0.14165353775,0,-0.0159397363195,8.73833733095e-05,150,
1.63245184819,-0.141037940979,0,-0.0149951251171,9.26224089178e-05,151,
1.63207276265,-0.140339851379,0,-0.014016055897,9.58115438625e-05,152,
1.63165743748,-0.139565467834,0,-0.0129933937567,9.98794257578e-05,153,
1.63120825688,-0.13872051239,0,-0.0119263263062,0.000104002339097,154,
1.6307285587,-0.137810230255,0,-0.0108281922954,0.000106811515759,155,
1.63022120396,-0.136840820312,0,-0.00970151253725,0.000109372715484,156,
1.62968810002,-0.135818481445,0,-0.00853715198631,0.000112798275261,157,
1.6291335384,-0.134749412537,0,-0.00735511547185,0.000114289152423,158,
1.6285599033,-0.133640289307,0,-0.00614960025323,0.000116331702941,159,
1.62797053257,-0.132498264313,0,-0.00492396344476,0.000118035006064,160,
1.62736876408,-0.131329059601,0,-0.0036890513197,0.000118687318495,161,
1.62675698201,-0.130139827728,0.01,-0.00243656350782,0.000120132270746,162,
1.62606747548,-0.128797054291,0.01,-0.00103778297941,0.00013389414127,163,
1.62530358235,-0.12730884552,0.01,0.000508931741864,0.000147756409723,164,
1.62446959416,-0.125682830811,0.01,0.00219106660229,0.000160379817355,165,
1.62356884877,-0.12392950058,0.01,0.00402274881504,0.000174303891097,166,
1.62260754506,-0.122057914734,0.01,0.00597563488133,0.000185481760454,167,
1.62158949772,-0.12007856369,0.01,0.00805802299622,0.00019738438394,168,
1.62052090565,-0.118003845215,0.01,0.0102590485359,0.000208212390051,169,
1.61940701405,-0.115844726562,0,0.0125720162371,0.000218380278124,170,
1.61832602421,-0.113755226135,0,0.0148473073019,0.0002143995738,171,
1.61728318135,-0.111747264862,0,0.0170832174014,0.000210270697488,172,
1.61628563801,-0.109833240509,0,0.0192572116382,0.000204063549486,173,
1.61533768574,-0.108025074005,0,0.0213792516332,0.000198808419886,174,
1.61444504658,-0.106334686279,0,0.0234418030722,0.000192874101993,175,
1.61361391942,-0.104773044586,0,0.0254265009174,0.0001852284614,176,
1.61284859578,-0.103351593018,0,0.0273408111866,0.000178322677398,177,
1.61215432087,-0.102080345154,0,0.0291730374453,0.000170357892612,178,
1.61153633992,-0.100969314575,0,0.0309114815832,0.000161319999381,179,
1.6109984676,-0.100028038025,0,0.0325594470195,0.000152622516568,180,
1.61054499547,-0.0992665290833,0,0.034116901097,0.000143960147473,181,
1.61018069188,-0.0986919403076,0,0.0355629810255,0.000133416427221,182,
1.60990841786,-0.0983128547668,0,0.0369076550141,0.00012381679988,183,
1.60973246495,-0.0981369018555,0,0.0381383876671,0.000113115125052,184,
1.60965521733,-0.0981707572937,0,0.0392609792817,0.000102974154475,185,
1.6096804897,-0.0984201431274,0,0.0402587252294,9.13445506738e-05,186,
1.6098101894,-0.0988907814026,0,0.041138253847,8.03670318133e-05,187,
1.61004670064,-0.0995874404907,0,0.0418953563143,6.90450816862e-05,188,
1.61039193074,-0.100513935089,0,0.0425266550765,5.74617476393e-05,189,
1.61084778706,-0.101674556732,0,0.0430312657335,4.5846208056e-05,190,
1.61141522328,-0.103070735931,0,0.04340497361,3.38911416415e-05,191,
1.61209519307,-0.10470533371,0,0.0436510536937,2.22739061963e-05,192,
1.61288817326,-0.106579780579,0,0.0437711118454,1.08464110426e-05,193,
1.61379511754,-0.108694076538,0,0.0437534197392,-1.5953114192e-06,194,
1.61481507222,-0.111047744751,0,0.0436070769844,-1.31707630492e-05,195,
1.61594851414,-0.113640785217,0,0.0433261758225,-2.52328227874e-05,196,
1.61719353596,-0.116471290588,0,0.0429239716492,-3.60640133402e-05,197,
1.61854966084,-0.119536399841,0,0.0423912222458,-4.7679122429e-05,198,
1.62001545826,-0.122833251953,0,0.0417303438021,-5.90346374301e-05,199,
1.62158902089,-0.126358509064,0,0.0409470795498,-6.98356428304e-05,200,
1.62326844136,-0.130107402802,0,0.0400396773645,-8.0758758053e-05,201,
1.62505085866,-0.134074687958,0,0.0390155434098,-9.0976582296e-05,202,
1.62693388859,-0.138254165649,0,0.0378712593209,-0.000101459754466,203,
1.62891419331,-0.142640590668,0,0.0366200491859,-0.000110742767651,204,
1.63098843495,-0.147225379944,0,0.0352576690439,-0.000120355152835,205,
1.63315327565,-0.152002334595,0,0.0337923461686,-0.000129207447227,206,
1.63540442387,-0.156961917877,0,0.0322264998615,-0.00013782809925,207,
1.63773806492,-0.16209602356,0,0.0305642058164,-0.000146047215088,208,
1.64014943043,-0.167395591736,0,0.0288161996951,-0.000153290805002,209,
1.64263422886,-0.172850131989,0,0.0269799215942,-0.000160734538653,210,
1.64518721501,-0.178449630737,0,0.0250669495015,-0.000167137088961,211,
1.64780314366,-0.184183597565,0,0.0230863702176,-0.000172726215192,212,
1.65047772328,-0.190040588379,0,0.021030664555,-0.000178948473877,213,
1.65320475499,-0.196009635925,0,0.0189180777024,-0.000183563007862,214,
1.65597851674,-0.202078342438,0,0.0167535771913,-0.000187728457719,215,
1.65879424016,-0.208235740662,0,0.0145379775592,-0.000191803734281,216,
1.66164524952,-0.214468479156,0,0.0122829208544,-0.000194864039089,217,
1.6645258228,-0.220765113831,0,0.00999837613912,-0.000197052341974,218,
1.66743023793,-0.227112293243,0,0.00768438989587,-0.000199228694925,219,
1.67035277287,-0.233497142792,0,0.00534351407769,-0.000201194248635,220,
1.6732867519,-0.239907741547,0,0.00299488201753,-0.000201509480604,221,
1.67622597615,-0.246330738068,0,0.000644388639336,-0.000201319928664,222,
1.67916520039,-0.252753257751,0,-0.00171116639956,-0.000201400963588,223,
1.68209774891,-0.259162902832,0,-0.00405509434158,-0.000200044472068,224,
1.68501789967,-0.265546798706,0,-0.0063847621745,-0.000198468761442,225,
1.68791945378,-0.27189207077,0,-0.00869172314052,-0.000196194268069,226,
1.69079716603,-0.278186798096,0,-0.0109741419986,-0.000193756249711,227,
1.69364483754,-0.284418582916,0,-0.0132210615926,-0.000190401409322,228,
1.69645674626,-0.290575504303,0,-0.0154248248489,-0.000186410468668,229,
1.69922764699,-0.296645641327,0,-0.0175835369345,-0.000182290014527,230,
1.70195181767,-0.302618026733,0,-0.0196845672671,-0.00017711730746,231,
1.70462448994,-0.308480739594,0,-0.0217317571877,-1.09960918233e-05,232,
1.72579415242,-0.355335712433,0,-0.0358931840219,-7.40449799736e-05,233,
1.73788912694,-0.382964134216,0,-0.0396716686684,-1.97553598119e-05,234,
1.74014122883,-0.389689922333,0,-0.0322834564936,3.85856867903e-05,235,
1.73444827,-0.379525184631,0,-0.015904502979,8.54468576184e-05,236,
1.72483857075,-0.361032009125,0,0.00491671738422,0.000108501016133,237,
1.71645005147,-0.345132350922,0,0.0243563523764,0.000101189370213,238,
1.71414120595,-0.342139720917,0,0.0368309055524,6.48623784344e-05,239,
1.72103913228,-0.358692646027,0,0.038706167408,9.73992923443e-06,240,
1.73754485051,-0.395661354065,0,0.0294859700786,-4.78363402389e-05,241,
1.76120217244,-0.447870731354,0,0.0120046008429,-9.05975270049e-05,242,
1.78753502766,-0.505848884583,0,-0.00854830486324,-0.000106399245311,243,
1.81151755253,-0.558911800385,0,-0.0263673305899,-9.21505694231e-05,244,
1.82906277577,-0.598301887512,0,-0.0368515263981,-5.41597104006e-05,245,
1.83797581593,-0.619255065918,0,-0.0376386312087,-4.06182102394e-06,246,
1.8382666866,-0.621736526489,0,-0.0288116196379,4.55043157869e-05,247,
1.83200867573,-0.610167980194,0,-0.0127017638418,8.29579341491e-05,248,
1.82285149495,-0.59237909317,0,0.00664740317092,9.953001215e-05,249,
1.81521733204,-0.577853679657,0,0.0243029249444,9.07201537812e-05,250,
1.813217477,-0.575385093689,0,0.0355637111526,5.78022881471e-05,251,
1.8194835941,-0.590604305267,0,0.0373695533076,9.25938510076e-06,252,
1.83435233037,-0.624257087708,0,0.029276179422,-4.14530070632e-05,253,
1.85576184193,-0.671986579895,0,0.01364481123,-7.99741972539e-05,254,
1.8799522678,-0.72579240799,0,-0.00517644083693,-9.61900791079e-05,255,
1.9026621143,-0.776535987854,0,-0.0223121162092,-8.74811964391e-05,256,
1.92029316823,-0.816421985626,0,-0.0337265742039,-5.82128164526e-05,257,
1.93066628377,-0.840654373169,0,-0.0370749294839,-1.70580893762e-05,258,
1.93330223958,-0.848116397858,0,-0.0318999486228,2.63363668194e-05,259,
1.92936976353,-0.841305732727,0,-0.0195161618332,6.29583125945e-05,260,
1.92141516606,-0.825750827789,0,-0.00271038428943,8.5351961013e-05,261,
1.91288741032,-0.808952331543,0,0.0147454663052,8.85584198388e-05,262,
1.90744383732,-0.798840045929,0,0.0287636995931,7.10461469848e-05,263,
1.90807755391,-0.801885128021,0,0.03590171427,3.61379253203e-05,264,
1.91628725926,-0.821341991425,0,0.0343889037473,-7.65080546525e-06,265,
1.93163235585,-0.856299877167,0,0.0246629738334,-4.91341309827e-05,266,
1.95187838475,-0.90198469162,0,0.00925625800418,-7.77537659464e-05,267,
1.97369559208,-0.951225280762,0,-0.00799794637211,-8.69887926985e-05,268,
1.99360783497,-0.996448993683,0,-0.0231548743608,-7.63367308529e-05,269,
2.00880129735,-1.03144168854,0,-0.0330647243194,-4.98573417004e-05,270,
2.01761181752,-1.05245351791,0,-0.035915578464,-1.432765127e-05,271,
2.0196917812,-1.05863714218,0,-0.0313522803009,2.29106262773e-05,272,
2.01597149769,-1.05200386047,0,-0.0204194602004,5.48341342975e-05,273,
2.00846655766,-1.03700637817,0,-0.00531728891174,7.56659847526e-05,274,
1.99995453755,-1.0197892189,0,0.0109090422882,8.12123251358e-05,275,
1.99348528782,-1.00707483292,0,0.0248585234136,6.97434029736e-05,276,
1.99174435536,-1.00475883484,0,0.0334582927511,4.29502050301e-05,277,
1.99639208714,-1.01648759842,0,0.0347405119565,6.39712971438e-06,278,
2.00760682026,-1.04268169403,0,0.0284005845914,-3.15987699206e-05,279,
2.02402766148,-1.08041810989,0,0.0159533206205,-6.19727790436e-05,280,
2.04315884511,-1.12426710129,0,0.000243391327103,-7.81352241006e-05,281,
2.06204684178,-1.1677312851,0,-0.015325669252,-7.73537496125e-05,282,
2.07797558705,-1.20474767685,0,-0.0276256236746,-6.10496162403e-05,283,
2.08897097508,-1.23082971573,0,-0.0343805413845,-3.34921318023e-05,284,
2.09406788746,-1.24371385574,0,-0.0345012585378,-5.97910723155e-07,285,
2.09336693684,-1.24356031418,0,-0.0280910544411,3.1718183296e-05,286,
2.08797057072,-1.23283100128,0,-0.0163871455463,5.78512225027e-05,287,
2.07981188695,-1.2158870697,0,-0.00157012214231,7.31663711334e-05,288,
2.0713623325,-1.1982998848,0,0.0135795013892,7.4730544614e-05,289,
2.0652206699,-1.1858921051,0,0.0260845464131,6.16208259075e-05,290,
2.06358511845,-1.18356609344,0,0.0333736423605,3.58811050663e-05,291,
2.06774075429,-1.19418811798,0,0.0338697673179,2.43966210725e-06,292,
2.07771714131,-1.21785259247,0,0.0274224300798,-3.16714286495e-05,293,
2.0922692577,-1.25184440613,0,0.0154137622143,-5.8929760305e-05,294,
2.10921461979,-1.29133987427,0,0.000360129100849,-7.37990180395e-05,295,
2.12597735325,-1.33057880402,0,-0.0146789689083,-7.36513901661e-05,296,
2.14015944401,-1.3641076088,0,-0.0268258015079,-5.9426058555e-05,297,
2.14996655385,-1.38776397705,0,-0.0338942492277,-3.45455014492e-05,298,
2.15445025364,-1.3992857933,0,-0.0347026543582,-3.94680922138e-06,299,
2.15358765523,-1.3985543251,0,-0.0291907997554,2.68820311252e-05,300,
2.1482489864,-1.3875451088,0,-0.0183975387385,5.25858692337e-05,301,
2.14005978505,-1.37000799179,0,-0.00424092933307,6.89015509141e-05,302,
2.13117964665,-1.35090637207,0,0.0107104460207,7.26946312958e-05,303,
2.12395270268,-1.33559608459,0,0.0236831083268,6.30116553186e-05,304,
2.12047894398,-1.3288359642,0,0.0321392863856,4.10315072711e-05,305,
2.1221473972,-1.33376550674,0,0.0343475661976,1.07041845615e-05,306,
2.12929375569,-1.35115861893,0,0.0297872962909,-2.20831737177e-05,307,
2.14109595219,-1.37920427322,0,0.0193504002363,-5.04895310362e-05,308,
2.15578110615,-1.41393709183,0,0.0051186650305,-6.87771971203e-05,309,
2.17105706135,-1.45016622543,0,-0.0101088903983,-7.3514360988e-05,310,
2.18461831013,-1.48258972168,0,-0.0234193962081,-6.41942243621e-05,311,
2.19458277623,-1.50679302216,0,-0.0323709560639,-4.31296829815e-05,312,
2.19977696339,-1.51995658875,0,-0.0353957680438,-1.45590497962e-05,313,
2.19986708561,-1.52122783661,0,-0.0320105048208,1.62774783044e-05,314,
2.1953728954,-1.51178979874,0,-0.0228746266522,4.38854158361e-05,315,
2.18757756154,-1.49465608597,0,-0.00962603306209,6.35802509466e-05,316,
2.17834980885,-1.47421360016,0,0.00537467754995,7.19192251472e-05,317,
2.16986687581,-1.45553064346,0,0.0193974812126,6.71663704682e-05,318,
2.16423495213,-1.44346523285,0,0.0298091662978,4.98196792368e-05,319,
2.1630628864,-1.44169998169,0,0.0345575702325,2.26980778658e-05,320,
2.16708357731,-1.45191431046,0,0.0326365736695,-9.17340265057e-06,321,
2.17595990101,-1.47336292267,0,0.0243483392539,-3.95410252148e-05,322,
2.18835289876,-1.50302171707,0,0.0112863211885,-6.22527912527e-05,323,
2.2022422115,-1.53627634048,0,-0.00400499644869,-7.28068355176e-05,324,
2.21538765828,-1.56793355942,0,-0.0185874509271,-6.9365105746e-05,325,
2.22577889363,-1.59324884415,0,-0.029712543904,-5.28661298162e-05,326,
2.23197873036,-1.60875463486,0,-0.0353487752243,-2.67565033025e-05,327,
2.23331673543,-1.61278486252,0,-0.0345031902638,4.01015871358e-06,328,
2.22995646397,-1.60568571091,0,-0.0273767377765,3.37630436348e-05,329,
2.22285302083,-1.58972740173,0,-0.0153008363367,5.71548094533e-05,330,
2.21361000935,-1.56874418259,0,-0.000452192439874,7.02071561914e-05,331,
2.20425208012,-1.54753160477,0,0.014458186998,7.04291202666e-05,332,
2.19688446919,-1.53102827072,0,0.0266823132183,5.76830183403e-05,333,
2.19329674641,-1.52338266373,0,0.0338651781687,3.38621059654e-05,334,
2.1945632259,-1.52707290649,0,0.0345549763255,3.24870193393e-06,335,
2.20077450673,-1.54231548309,0,0.0285245955373,-2.83725143399e-05,336,
2.21099503438,-1.56697845459,0,0.0168920239032,-5.46782068842e-05,337,
2.22348053853,-1.59704971313,0,0.00190930433403,-7.03589231811e-05,338,
2.23608620564,-1.62752866745,0,-0.0135246238632,-7.24085193341e-05,339,
2.24671824376,-1.65345335007,0,-0.0264386677217,-6.05293771727e-05,340,
2.2537253658,-1.67082977295,0,-0.0343955207088,-3.72577296265e-05,341,
2.25615151326,-1.67729139328,0,-0.0359306068822,-7.18118949385e-06,342,
2.25385411183,-1.67244434357,0,-0.0308056473248,2.39522379259e-05,343,
2.24750121037,-1.65788984299,0,-0.0200185655682,5.03654494896e-05,344,
2.23846657673,-1.6369562149,0,-0.00557760193392,6.7361390073e-05,345,
2.22862799565,-1.61415958405,0,0.00985305811949,7.1907480522e-05,346,
2.22006638447,-1.59444475174,0,0.0234100027823,6.31141710137e-05,347,
2.21468193928,-1.58227300644,0,0.0325283538693,4.24106240057e-05,348,
2.21379502217,-1.58071184158,0,0.0354020076407,1.33531212205e-05,349,
2.21782763402,-1.59073543549,0,0.0313774312951,-1.86827910022e-05,350,
2.22617609898,-1.61095762253,0,0.0211760831017,-4.73095468401e-05,351,
2.23734887044,-1.63792419434,0,0.0067559572305,-6.68086613328e-05,352,
2.24931462208,-1.66688013077,0,-0.00906983918031,-7.32491854186e-05,353,
2.25995095173,-1.69277858734,0,-0.0232214153035,-6.54390537974e-05,354,
2.26745827595,-1.71126270294,0,-0.0329605177466,-4.49907864507e-05,355,
2.270664529,-1.71943473816,0,-0.036442461633,-1.6069601314e-05,356,
2.26918681065,-1.71631336212,0,-0.0330505711702,1.56388026664e-05,357,
2.26346428792,-1.70295143127,0,-0.0234894505931,4.40401185111e-05,358,
2.25467999379,-1.68224382401,0,-0.00959158049541,6.3952539973e-05,359,
2.24458439747,-1.65844631195,0,0.00603137906714,7.18209649203e-05,360,
2.23521645466,-1.63645410538,0,0.0204584917946,6.62598040633e-05,361,
2.22853835026,-1.62091588974,0,0.0309699573469,4.82293805561e-05,362,
2.22603543202,-1.61530447006,0,0.035510601885,2.08136007288e-05,363,
2.22836859623,-1.62114810944,0,0.0331148857178,-1.09714561171e-05,364,
2.23519118229,-1.63764286041,0,0.0241868872514,-4.08473558508e-05,365,
2.24522335927,-1.66180562973,0,0.0104207848689,-6.29242873974e-05,366,
2.25654490391,-1.68913316727,0,-0.00546979282194,-7.25638035136e-05,367,
2.26703722874,-1.71457719803,0,-0.0203765643186,-6.80087965783e-05,368,
2.2748068134,-1.73355531693,0,-0.0313702180513,-5.010808213e-05,369,
2.27852805058,-1.74279260635,0,-0.0363429056721,-2.26432423998e-05,370,
2.27763493458,-1.74085950851,0,-0.0343803020289,8.92817774271e-06,371,
2.27238591115,-1.72837209702,0,-0.0259283878289,3.84137423698e-05,372,
2.26380904118,-1.70785951614,0,-0.0126563528686,6.02625331396e-05,373,
2.25354226033,-1.68333482742,0,0.00291165674209,7.06197937157e-05,374,
2.24357636372,-1.65961027145,0,0.0178449937111,6.76780822134e-05,375,
2.23590500752,-1.64143514633,0,0.0293264695624,5.1986158093e-05,376,
2.23212654988,-1.63256311417,0,0.035135478917,2.62774391096e-05,377,
2.23308022419,-1.63493919373,0,0.0340785794202,-4.77638227917e-06,378,
2.23862488667,-1.64822483063,0,0.02629217661,-3.51566840765e-05,379,
2.24765570561,-1.66983985901,0,0.013267456737,-5.87520086726e-05,380,
2.25836594502,-1.69553518295,0,-0.00244887562557,-7.08288726398e-05,381,
2.26865609089,-1.72031497955,0,-0.0177551424296,-6.89185029433e-05,382,
2.27657397191,-1.73946094513,0,-0.0296369197238,-5.34507149293e-05,383,
2.28067572514,-1.74941778183,0,-0.0358012534828,-2.77042206617e-05,384,
2.28024609486,-1.74839401245,0,-0.0351009474926,3.14436283947e-06,385,
2.27538760106,-1.7366232872,0,-0.0277548764377,3.29524408119e-05,386,
2.26698573033,-1.7162938118,0,-0.0152356144921,5.61044381148e-05,387,
2.25656922261,-1.69116401672,0,5.12075419055e-05,6.84450749994e-05,388,
2.24607308308,-1.66593074799,0,0.0152258431655,6.78814024362e-05,389,
2.23750384251,-1.64538812637,0,0.0274356836117,5.45701409316e-05,390,
2.23255188862,-1.63351249695,0,0.0343380734333,3.08213067399e-05,391,
2.23221238057,-1.63261175156,0,0.0345511587073,9.50642055512e-07,392,
2.23653538624,-1.64278459549,0,0.027968440249,-2.934002395e-05,393,
2.24459250371,-1.66185808182,0,0.0158460112499,-5.39805988543e-05,394,
2.25469572941,-1.68586444855,0,0.000546026782119,-6.80664816527e-05,395,
2.26478178898,-1.70991039276,0,-0.0149081832745,-6.86880909482e-05,396,
2.27285702626,-1.72919273376,0,-0.0274973381352,-5.59035458199e-05,397,
2.2773669521,-1.73990917206,0,-0.0347866385173,-3.23398779037e-05,398,
2.27744706074,-1.73991298676,0,-0.0354182070932,-2.79939542424e-06,399,
2.27303679387,-1.72903728485,0,-0.0293686480547,2.67893770535e-05,400,
2.26486332814,-1.70908308029,0,-0.0178625399035,5.09053932448e-05,401,
2.25432951848,-1.68350076675,0,-0.00312415732677,6.51466727869e-05,402,
2.24329407612,-1.6568107605,0,0.0120905702803,6.71900895198e-05,403,
2.2337668697,-1.63381671906,0,0.0249338003236,5.66668838593e-05,404,
2.22752697865,-1.61870384216,0,0.0329728519374,3.54383471792e-05,405,
2.22573931614,-1.61417293549,0,0.0346376308185,7.33229104775e-06,406,
2.2286723415,-1.62082242966,0,0.0295458801886,-2.2404854087e-05,407,
2.23561079899,-1.63697195053,0,0.018651033743,-4.78947639454e-05,408,
2.24501831929,-1.65902471542,0,0.00407766416015,-6.40068746156e-05,409,
2.25489409367,-1.68225765228,0,-0.0113227845191,-6.75760499725e-05,410,
2.2632048885,-1.70181035995,0,-0.0245544452058,-5.8005649942e-05,411,
2.26827652852,-1.71362304688,0,-0.0330831023789,-3.73537006405e-05,412,
2.26906855504,-1.71513795853,0,-0.0353335620285,-9.84745812223e-06,413,
2.26531727711,-1.70569610596,0,-0.0309765472264,1.90484732026e-05,414,
2.25754912297,-1.68659925461,0,-0.0209189796478,4.39299870394e-05,415,
2.24699480931,-1.66087341309,0,-0.00709299999713,6.03367555054e-05,416,
2.23540480534,-1.63276910782,0,0.00792681182838,6.54891482327e-05,417,
2.2247699062,-1.60704421997,0,0.021374033176,5.85806488911e-05,418,
2.21696551243,-1.58810377121,0,0.0307360520186,4.07485773473e-05,419,
2.21336253087,-1.57911729813,0,0.0342129861226,1.51196355242e-05,420,
2.21450646321,-1.58131885529,0,0.0310931174433,-1.35548370238e-05,421,
2.21996767918,-1.59368944168,0,0.0219407849249,-3.97270895837e-05,422,
2.2284310619,-1.61316204071,0,0.00851938266579,-5.82042894416e-05,423,
2.23799975316,-1.63529586792,0,-0.00656000164336,-6.53335515745e-05,424,
2.24661286274,-1.65521717072,0,-0.0203844381126,-5.9841884192e-05,425,
2.25245507161,-1.66857671738,0,-0.0303362712571,-4.30407889177e-05,426,
2.25426609913,-1.67231702805,0,-0.0345977846956,-1.8413954637e-05,427,
2.25151760975,-1.6651468277,0,-0.0324655938955,9.20518566091e-06,428,
2.24446757237,-1.64770507812,0,-0.024429354909,3.46628733262e-05,429,
2.23410971562,-1.62242698669,0,-0.0120321260304,5.3424192888e-05,430,
2.22202713887,-1.59314966202,0,0.00245328405424,6.23686074883e-05,431,
2.21015770833,-1.56449222565,0,0.01639078493,5.99551950505e-05,432,
2.20046646992,-1.54105997086,0,0.027221535983,4.65483296398e-05,433,
2.19456227223,-1.52656412125,0,0.0329094926067,2.44234439834e-05,434,
2.19334252278,-1.5230345726,0,0.0323205965688,-2.52637197046e-06,435,
2.19676001469,-1.5303311348,0,0.0255303479416,-2.91047924653e-05,436,
2.20381863514,-1.5461397171,0,0.0138300800379,-5.01052652311e-05,437,
2.21279986302,-1.56647586823,0,-0.000517700351342,-6.13866990905e-05,438,
2.22164805333,-1.58654356003,0,-0.0147486505742,-6.08341732852e-05,439,
2.2283976833,-1.60170507431,0,-0.0261902706431,-4.88666354339e-05,440,
2.23152335087,-1.60832214355,0,-0.0327622857598,-2.80433260571e-05,441,
2.23016865651,-1.60433626175,0,-0.0333481508387,-2.49769998148e-06,442,
2.224246339,-1.58955001831,0,-0.0279331581099,2.30647374523e-05,443,
2.21443589131,-1.56561946869,0,-0.0175778017307,4.40700347166e-05,444,
2.20208008687,-1.53578615189,0,-0.00415321544031,5.70804609712e-05,445,
2.18900092045,-1.50437831879,0,0.00994237268985,5.98796482766e-05,446,
2.17721827427,-1.47611284256,0,0.0221629131009,5.18677394784e-05,447,
2.16858418385,-1.45524406433,0,0.0302400162287,3.42511642575e-05,448,
2.16439564625,-1.44470357895,0,0.0326082479651,1.00335560636e-05,449,
2.16508324544,-1.44542884827,0,0.0287497160992,-1.63329831425e-05,450,
2.17008192936,-1.45610332489,0,0.0193841005461,-3.96087455495e-05,451,
2.17795355717,-1.47342538834,0,0.00631990913287,-5.52014365378e-05,452,
2.18671448628,-1.49283409119,0,-0.00791390649034,-6.00900841665e-05,453,
2.19426758687,-1.50946950912,0,-0.0206272603011,-5.36236669817e-05,454,
2.19880230824,-1.51909446716,0,-0.029505497857,-3.74138551564e-05,455,
2.19908554951,-1.51880407333,0,-0.033003376699,-1.47272773837e-05,456,
2.19462807576,-1.50744915009,0,-0.0305932802707,1.01386346972e-05,457,
2.1857279102,-1.48576116562,0,-0.0227845249338,3.28201359154e-05,458,
2.17342074315,-1.45622396469,0,-0.0109771903868,4.9582149584e-05,459,
2.15934927861,-1.42271566391,0,0.00274877829217,5.75901518502e-05,460,
2.14552910725,-1.38991594315,0,0.0159452036282,5.53196891726e-05,461,
2.13401587407,-1.36252355576,0,0.0261943033465,4.29266120076e-05,462,
2.12650759617,-1.34435558319,0,0.0315080143249,2.2236778849e-05,463,
2.12395174901,-1.33750200272,0,0.0307818668992,-3.03610297342e-06,464,
2.12629397313,-1.34179830551,0,0.0240961401871,-2.79289856576e-05,465,
2.13246376912,-1.35480737686,0,0.0127514701241,-4.73495171879e-05,466,
2.14062197606,-1.37236070633,0,-0.0010169113894,-5.74173453363e-05,467,
2.14857895772,-1.38947486877,0,-0.0145470190423,-5.63739849641e-05,468,
2.15424759785,-1.40136480331,0,-0.0253184505228,-4.48423156817e-05,469,
2.15601046483,-1.40429925919,0,-0.0314080800203,-2.53290519925e-05,470,
2.15296013752,-1.39618062973,0,-0.031810895445,-1.67396914424e-06,471,
2.14500267903,-1.37681627274,0,-0.0265272021954,2.19381603376e-05,472,
2.13285859028,-1.34792137146,0,-0.0165049366847,4.15781661566e-05,473,
2.1179793636,-1.31288480759,0,-0.00350926297162,5.386836547e-05,474,
2.10235245625,-1.27628183365,0,0.0101657289476,5.66373870857e-05,475,
2.08820422093,-1.24315357208,0,0.0219873949052,4.89187649056e-05,476,
2.07758791844,-1.21807765961,0,0.0296224891066,3.15681249207e-05,477,
2.07192404667,-1.20417404175,0,0.0314551062157,7.57055855766e-06,478,
2.07162840764,-1.20231723785,0,0.0270135118776,-1.83322775456e-05,479,
2.07597191731,-1.21085262299,0,0.0171561764016,-4.06497086209e-05,480,
2.0832389156,-1.22594213486,0,0.00388659540831,-5.46756457684e-05,481,
2.0911348621,-1.24245405197,0,-0.010105600269,-5.76055890813e-05,482,
2.09729893605,-1.25508260727,0,-0.0220820019034,-4.92657347158e-05,483,
2.09976370732,-1.2593793869,0,-0.0298177194073,-3.17949218157e-05,484,
2.09727271,-1.25249767303,0,-0.0319575133154,-8.78723256555e-06,485,
2.08944399754,-1.23359441757,0,-0.0281624216985,1.55718388496e-05,486,
2.07681401173,-1.20393466949,0,-0.0191135489857,3.70966711843e-05,487,
2.06077940861,-1.16672945023,0,-0.00641295775965,5.20243554614e-05,488,
2.04342396657,-1.12669706345,0,0.00761811076318,5.74242466195e-05,489,
2.02720292012,-1.08932161331,0,0.0202851899875,5.17972956569e-05,490,
2.01448805729,-1.05982446671,0,0.0289509594102,3.54051340765e-05,491,
2.0070207874,-1.04198741913,0,0.0316510069344,1.1022285227e-05,492,
2.00543578068,-1.03714799881,0,0.027649363415,-1.63216790731e-05,493,
2.00903780858,-1.04374456406,0,0.0177384049657,-4.03911416014e-05,494,
2.01595337788,-1.05764722824,0,0.0040630237578,-5.56818874302e-05,495,
2.02359993855,-1.07316875458,0,-0.0104236836568,-5.89345654547e-05,496,
2.02929909627,-1.08438873291,0,-0.0227105728079,-4.99443648065e-05,497,
2.03083117405,-1.08638381958,0,-0.0303541096688,-3.10426873944e-05,498,
2.02682145039,-1.07610034943,0,-0.0319243653933,-6.37183864295e-06,499,
2.01693518559,-1.05282354355,0,-0.0271274717084,1.94482808767e-05,500,
2.00192816655,-1.01828575134,0,-0.0168277000414,4.17245540322e-05,501,
1.98356993596,-0.976459980011,0,-0.0029548231031,5.61536673494e-05,502,
1.96440346638,-0.9329829216,0,0.011747121249,5.94589129471e-05,503,
1.94731219212,-0.894164085388,0,0.0241202672107,4.99980051483e-05,504,
1.93489487568,-0.86562538147,0,0.031266151166,2.88518799965e-05,505,
1.9287751476,-0.850833892822,0,0.031327926217,2.4920682713e-07,506,
1.92908842961,-0.850034713745,0,0.0241272293819,-2.90248455187e-05,507,
1.93438036839,-0.860050201416,0,0.0113031068897,-5.16473795715e-05,508,
1.94198210637,-0.875086307526,0,-0.004109164699,-6.20208518078e-05,509,
1.9487221996,-0.888248920441,0,-0.018543943414,-5.80379784058e-05,510,
1.95169194142,-0.893198013306,0,-0.0287911989853,-4.11659297676e-05,511,
1.9488518993,-0.885480880737,0,-0.032673276467,-1.55820731903e-05,512,
1.93938763539,-0.863337039948,0,-0.0293705753904,1.32458091701e-05,513,
1.9238475124,-0.828009605408,0,-0.0195041350493,3.95370462016e-05,514,
1.90408833424,-0.78360080719,0,-0.00506076851541,5.78288233713e-05,515,
1.88301451603,-0.736451148987,0,0.0108223679494,6.35397554043e-05,516,
1.86403496663,-0.693926334381,0,0.024392320979,5.42402832426e-05,517,
1.85025484959,-0.662675380707,0,0.0321595888918,3.10216226338e-05,518,
1.84358675877,-0.646748065948,0,0.0318994808036,-1.03796934063e-06,519,
1.84409888188,-0.646248340607,0,0.0235013714445,-3.34845161223e-05,520,
1.84992201726,-0.657147884369,0,0.00907890773717,-5.7456239001e-05,521,
1.85777600209,-0.672409534454,0,-0.00762017513532,-6.6470200715e-05,522,
1.86390526692,-0.683964252472,0,-0.0223680773968,-5.86540985224e-05,523,
1.86505062977,-0.684795856476,0,-0.0315654467394,-3.65483359406e-05,524,
1.85918600956,-0.670543670654,0,-0.0330317649794,-5.82217738421e-06,525,
1.84591801564,-0.640385627747,0,-0.0263702328543,2.64289982654e-05,526,
1.82658656041,-0.59725189209,0,-0.0130302849997,5.28805659534e-05,527,
1.80406792561,-0.547363758087,0,0.00387194767204,6.6945226061e-05,528,
1.78222401539,-0.499004364014,0,0.0200614984498,6.40690225913e-05,529,
1.76496346394,-0.460495471954,0,0.0311070361755,4.36756335415e-05,530,
1.75510008732,-0.437788963318,0,0.0337564473032,1.04677474618e-05,531,
1.75341303746,-0.432502269745,0,0.027064897716,-2.641702554e-05,532,
1.75832112233,-0.441252708435,0,0.01283122405,-5.6145153118e-05,533,
1.76634200017,-0.456629753113,0,-0.00494063052209,-7.0043410404e-05,534,
1.77314980427,-0.469420909882,0,-0.0213315564556,-6.45499063158e-05,535,
1.77480585972,-0.471233844757,0,-0.0318910808359,-4.15504022391e-05,536,
1.76878674428,-0.456686019897,0,-0.0338420159575,-7.67030240383e-06,537,
1.75456841389,-0.424677848816,0,-0.026618815204,2.83763909016e-05,538,
1.73377259175,-0.378702163696,0,-0.0119932969463,5.74088454372e-05,539,
1.70986588398,-0.326166152954,0,0.00618447033479,7.12930307003e-05,540,
1.68734534184,-0.276627063751,0,0.0228277691253,6.52230052603e-05,541,
1.67048485676,-0.239127635956,0,0.0330208693117,3.99122037755e-05,542,
1.66198904912,-0.219369411469,0,0.0336218532472,2.35128456075e-06,543,
1.66208537022,-0.21781206131,0,0.0243389422707,-3.62894452081e-05,544,
1.66841252247,-0.229448795319,0,0.00788938433566,-6.4252760424e-05,545,
1.67674715916,-0.245336532593,0,-0.0108613250119,-7.31810079122e-05,546,
1.68229849736,-0.255328655243,0,-0.0264104428006,-6.06372509711e-05,547,
1.68112547795,-0.251069545746,0,-0.034288005549,-3.06949366427e-05,548,
1.67122300068,-0.228312969208,0,-0.0322312246227,8.00790863587e-06,549,
1.65306170384,-0.188073158264,0,-0.0207533792263,4.46514058871e-05,550,
1.62950976292,-0.136440753937,0,-0.00310030990143,6.86183763662e-05,551,
1.60509140889,-0.0829997062683,0,0.0155796780294,7.25527783834e-05,552,
1.58468230168,-0.0380530357361,0,0.0296660190047,5.46664510835e-05,553,
1.57198889653,-0.00942373275757,0,0.0348651317642,2.01602796091e-05,554,
1.56837885856,2.35321772379e-06,0,0.0296016026529,-2.03934369063e-05,555,
1.57247860829,-0.00687026977539,0,0.0154608513908,-5.47430288834e-05,556,
1.58060009877,-0.0222454071045,0,-0.00330840519022,-7.26019912396e-05,557,
1.58785040776,-0.0357804298401,0,-0.0210651944342,-6.86300631395e-05,558,
1.58960755269,-0.0377011299133,0,-0.0325047170395,-4.41791792959e-05,559,
1.58289606968,-0.0217175483704,0,-0.0342034332324,-6.55508426661e-06,560,
1.56727405155,0.013104072772,0,-0.0256477914949,3.29880573872e-05,561,
1.54497815395,0.0620354674757,0,-0.00939209941089,6.26259322779e-05,562,
1.52027660708,0.116060316563,0,0.00964578502708,7.32871007293e-05,563,
1.49815119157,0.164653599262,0,0.0257056134887,6.17729979625e-05,564,
1.48273738573,0.199065178633,0,0.0340296414551,3.19917565341e-05,565,
1.47610584746,0.214897558093,0,0.0322748536112,-6.73895999333e-06,566,
1.47774501244,0.213218912482,0,0.0210569946141,-4.30453156849e-05,567,
1.48476882378,0.200136199594,0,0.00367857788911,-6.66300405645e-05,568,
1.4927317361,0.185063913465,0,-0.0147778823043,-7.07059831857e-05,569,
1.4968901063,0.178043946624,0,-0.0288627205079,-5.39146652846e-05,570,
1.49361027876,0.186766073108,0,-0.0343784822338,-2.10965907482e-05,571,
1.48148847471,0.214205890894,0,-0.0296869593086,1.79296560771e-05,572,
1.46179685096,0.257686316967,0,-0.0162464673361,5.13243423564e-05,573,
1.43807697395,0.30973187089,0,0.00184025755157,6.90134490816e-05,574,
1.41498950223,0.360483080149,0,0.0191769420042,6.60984644388e-05,575,
1.39684823255,0.400780767202,0,0.0308199710574,4.4356234771e-05,576,
1.38640417258,0.424748569727,0,0.033686922475,1.09134180004e-05,577,
1.384222881,0.431147545576,0,0.0271989289254,-2.46776089392e-05,578,
1.38866108755,0.423456370831,0,0.013234497169,-5.30722002504e-05,579,
1.39632171492,0.408904463053,0,-0.00437921665814,-6.68870001887e-05,580,
1.40290919045,0.396633863449,0,-0.0207776771242,-6.22219766592e-05,581,
1.40438100795,0.395238935947,0,-0.0313299606405,-4.00075476373e-05,582,
1.39813073079,0.410260945559,0,-0.0330102089348,-6.36528947481e-06,583,
1.38380250434,0.442473232746,0,-0.0253819898771,2.88758837886e-05,584,
1.36339926819,0.487650901079,0,-0.0107538051674,5.53313685336e-05,585,
1.34061004321,0.537977278233,0,0.00660281806355,6.55992199764e-05,586,
1.31962318818,0.584533393383,0,0.021877485875,5.76844710892e-05,587,
1.30391858617,0.619856476784,0,0.0311512570921,3.49945272719e-05,588,
1.29544861714,0.639713168144,0,0.032299423131,4.32928309775e-06,589,
1.29432167212,0.643823564053,0,0.025263183024,-2.65106032874e-05,590,
1.29889075557,0.635702490807,0,0.0118900429854,-5.03477832746e-05,591,
1.30614598195,0.621812164783,0,-0.00448439701878,-6.16007428693e-05,592,
1.31238280336,0.610104620457,0,-0.0197213879017,-5.72781551628e-05,593,
1.31410323183,0.608076035976,0,-0.0298482797951,-3.80397878644e-05,594,
1.30897362629,0.620726644993,0,-0.0321622482064,-8.68510581688e-06,595,
1.29652361671,0.649084746838,0,-0.0260841908379,2.27949565212e-05,596,
1.2782845358,0.68991112709,0,-0.0133561026297,4.76989979318e-05,597,
1.25728286902,0.736757040024,0,0.0025392079836,5.95208815274e-05,598,
1.2371007661,0.781936645508,0,0.0175082290792,5.60101611808e-05,599,
1.22089792887,0.818608343601,0,0.028003923339,3.92427442309e-05,600,
1.21071933309,0.84228771925,0,0.0317945565377,1.41617014198e-05,601,
1.20717989008,0.851578176022,0,0.0282566784178,-1.32070261533e-05,602,
1.20945678751,0.848230361938,0,0.0183215973303,-3.70589800248e-05,603,
1.21549819509,0.836696922779,0,0.00423716274186,-5.24950999137e-05,604,
1.22241859237,0.823252260685,0,-0.0108269043773,-5.61022472818e-05,605,
1.22708635131,0.814693510532,0,-0.0233788125885,-4.67112500153e-05,606,
1.22685183684,0.816760241985,0,-0.0304011190267,-2.61125526224e-05,607,
1.22024650971,0.832639753819,0,-0.0301679557505,8.66340561442e-07,608,
1.20740486781,0.862073123455,0,-0.0227841150073,2.74137732263e-05,609,
1.19001339475,0.901455461979,0,-0.0101521553071,4.68618190226e-05,610,
1.17079569499,0.944916844368,0,0.00461366097847,5.47369041004e-05,611,
1.15274734894,0.985939800739,0,0.0181081094091,4.99844612109e-05,612,
1.13841928641,1.01890814304,0,0.0274669215711,3.4638792947e-05,613,
1.12943808834,1.04018199444,0,0.0309013257354,1.27019237588e-05,614,
1.1262961785,1.04860937595,0,0.0278933453819,-1.1116528442e-05,615,
1.12835003535,1.04557073116,0,0.0191635936765,-3.22370686588e-05,616,
1.13396735589,1.03466188908,0,0.00650230128651,-4.6718964774e-05,617,
1.14080639283,1.02105748653,0,-0.00751926836239,-5.16982467984e-05,618,
1.14623461763,1.01056098938,0,-0.0199690514397,-4.5868828453e-05,619,
1.14786972205,1.00840806961,0,-0.0281371132273,-3.00703630585e-05,620,
1.14414300124,1.01804590225,0,-0.0301823384088,-7.52354127324e-06,621,
1.13471238414,1.04024875164,0,-0.0256413498623,1.66914228354e-05,622,
1.12055592338,1.07291615009,0,-0.01558281056,3.69453246482e-05,623,
1.10369195143,1.11165809631,0,-0.0023000224646,4.87501019666e-05,624,
1.08663670818,1.15094578266,0,0.0113186357124,4.9944079289e-05,625,
1.07180662552,1.18540346622,0,0.0224927814395,4.09472850641e-05,626,
1.06104423205,1.21086633205,0,0.0291112275538,2.42351666293e-05,627,
1.05534263054,1.22503745556,0,0.0300377473032,3.39009416527e-06,628,
1.05475033919,1.2277482748,0,0.0252144415364,-1.76353003052e-05,629,
1.05841268698,1.22089493275,0,0.015596796518,-3.51376659073e-05,630,
1.06471665303,1.20810496807,0,0.00299610129925,-4.60020257295e-05,631,
1.07154245774,1.19414710999,0,-0.0101987597394,-4.81356531788e-05,632,
1.07662604848,1.18409442902,0,-0.021403569097,-4.08444263923e-05,633,
1.07800535957,1.18232584,0,-0.0283302270755,-2.52309244159e-05,634,
1.07446579734,1.19155287743,0,-0.0295056610083,-4.27847933965e-06,635,
1.0658468763,1.21215844154,0,-0.0246594604913,1.76267338802e-05,636,
1.0530874292,1.24209499359,0,-0.0148139973531,3.57827522813e-05,637,
1.03798158566,1.27740073204,0,-0.00203455366044,4.64102790658e-05,638,
1.02273328702,1.31315219402,0,0.011087725478,4.76204941974e-05,639,
1.00946922699,1.34453141689,0,0.0220134181612,3.96188957449e-05,640,
0.999843136468,1.36772739887,0,0.0287391746085,2.43713035056e-05,641,
0.994791821637,1.38052928448,0,0.0301112248244,4.96789746985e-06,642,
0.994436220327,1.38260030746,0,0.0259588975913,-1.50230960371e-05,643,
0.998099879422,1.37546539307,0,0.0170685533615,-3.21407273601e-05,644,
1.00441844861,1.36225414276,0,0.00504926419986,-4.34209116552e-05,645,
1.01154281298,1.34720897675,0,-0.0079168420141,-4.68054396711e-05,646,
1.01743503014,1.33498203754,0,-0.0194121733321,-4.14644165708e-05,647,
1.02024509112,1.32977306843,0,-0.0272118426497,-2.81124415617e-05,648,
1.0187024037,1.33445906639,0,-0.0297356128615,-9.08987670999e-06,649,
1.01242013375,1.34993112087,0,-0.0264278835801,1.19048150017e-05,650,
1.00199951331,1.3748666048,0,-0.0179206411346,3.05951299504e-05,651,
0.988885358968,1.40603470802,0,-0.00590304888808,4.31868987713e-05,652,
0.975020484128,1.4390399456,0,0.00726415348312,4.72820931778e-05,653,
0.962417439618,1.46926367283,0,0.0190632112998,4.23372372735e-05,654,
0.952772573629,1.4927457571,0,0.0273115062339,2.95740246488e-05,655,
0.947193459668,1.50684583187,0,0.0305400773202,1.15675899851e-05,656,
0.94605894486,1.51061689854,0,0.0282136535306,-8.32897356731e-06,657,
0.94899274508,1.50490319729,0,0.0207867685695,-2.65700748156e-05,658,
0.954932645955,1.4921849966,0,0.00959976615346,-3.99918729502e-05,659,
0.962285951772,1.47618913651,0,-0.00333693810739,-4.62119406195e-05,660,
0.969174460569,1.46128809452,0,-0.015667767529,-4.4014232341e-05,661,
0.973759309449,1.45173168182,0,-0.0250833962137,-3.3584386604e-05,662,
0.974605278173,1.45081758499,0,-0.0297473435163,-1.66237794651e-05,663,
0.971004263559,1.46017551422,0,-0.028690691055,3.76340237406e-06,664,
0.963154451051,1.47937583923,0,-0.0220596782884,2.35995203204e-05,665,
0.952122644582,1.50600731373,0,-0.0111150815373,3.89223378946e-05,666,
0.939595357576,1.53621518612,0,0.00202507668759,4.66954301457e-05,667,
0.927500442663,1.56553196907,0,0.0148406036531,4.55076598555e-05,668,
0.917617038884,1.58976721764,0,0.0249099799754,3.5729468521e-05,669,
0.911263124147,1.60575592518,0,0.0303703563652,1.93608027866e-05,670,
0.909101621309,1.61186170578,0,0.0302420932654,-4.54458424772e-07,671,
0.911064461866,1.60820293427,0,0.0245777304053,-2.00547698673e-05,672,
0.916380123296,1.59660434723,0,0.0144279145307,-3.59099760039e-05,673,
0.923690632978,1.58030104637,0,0.00164613519357,-4.51881792353e-05,674,
0.93125869433,1.56341350079,0,-0.0114329149024,-4.62046509691e-05,675,
0.937256530919,1.55024027824,0,-0.0223822939843,-3.86522151209e-05,676,
0.94011063973,1.54445016384,0,-0.0291042876425,-2.37122590708e-05,677,
0.93884034554,1.54832053185,0,-0.0302493626594,-4.03632551633e-06,678,
0.933294252553,1.56221461296,0,-0.0255205292574,1.66564612042e-05,679,
0.924200133481,1.5844720602,0,-0.0157810004492,3.42813809645e-05,680,
0.913000361123,1.61176466942,0,-0.00289814929381,4.53116130459e-05,681,
0.901523784795,1.63981938362,0,0.010637101712,4.7572358208e-05,682,
0.891599015394,1.6642973423,0,0.0222119136594,4.06518740263e-05,683,
0.884707824388,1.68161666393,0,0.0296153728893,2.5983109161e-05,684,
0.881744221845,1.68956875801,0,0.031453240624,6.44540751679e-06,685,
0.882892445722,1.68766093254,0,0.02740073639,-1.42020435258e-05,686,
0.887615458169,1.67717242241,0,0.0182428194034,-3.2071187685e-05,687,
0.894744352498,1.66092956066,0,0.00570464861091,-4.38762878425e-05,688,
0.902659849324,1.64283525944,0,-0.00787760552295,-4.74963818792e-05,689,
0.909558550515,1.62719523907,0,-0.0199575988711,-4.22119030433e-05,690,
0.91378618876,1.61791980267,0,-0.0282279042189,-2.8878007482e-05,691,
0.914182738462,1.61772954464,0,-0.031046458487,-9.83443646328e-06,692,
0.910355285802,1.62754833698,0,-0.0277903769599,1.13527124399e-05,693,
0.902786091962,1.64626538754,0,-0.0190260201888,3.0535514318e-05,694,
0.892728284993,1.67096269131,0,-0.0064290836818,4.38577120594e-05,695,
0.881919519105,1.69754862785,0,0.00753903422555,4.85960562749e-05,696,
0.87220181624,1.72162139416,0,0.020131025619,4.37763490348e-05,697,
0.86515517632,1.73933780193,0,0.0288738036288,3.0372274272e-05,698,
0.86182113091,1.74811387062,0,0.0320623882303,1.1069020836e-05,699,
0.862545982995,1.74705553055,0,0.0290977508944,-1.02843134098e-05,700,
0.866943613687,1.73708605766,0,0.0205820826824,-2.95202848169e-05,701,
0.873964742818,1.72077393532,0,0.00817322789131,-4.29850018322e-05,702,
0.882065431276,1.70188724995,0,-0.00575326674135,-4.82083745523e-05,703,
0.88946439425,1.68473064899,0,-0.0185409092189,-4.4233779017e-05,704,
0.894471184411,1.67334198952,0,-0.0277218433087,-3.1734697801e-05,705,
0.895837740102,1.67067480087,0,-0.0314759496826,-1.29668808631e-05,706,
0.893047885099,1.67794525623,0,-0.0289960968114,8.55930619909e-06,707,
0.886454955735,1.69433033466,0,-0.0206966306626,2.86252034858e-05,708,
0.877210275331,1.71712601185,0,-0.00817403306903,4.31591803809e-05,709,
0.86699755589,1.74233829975,0,0.00609351049902,4.91388813481e-05,710,
0.857656792798,1.76553869247,0,0.0192541837771,4.5295176087e-05,711,
0.850808159509,1.78276193142,0,0.0286626939867,3.23575007526e-05,712,
0.847555474439,1.79125392437,0,0.0324386682102,1.29772709644e-05,713,
0.848311380544,1.78995347023,0,0.0298488898768,-1.09876367553e-06,714,
0.944945887723,1.55674350262,0,-0.110798853642,-5.89129621612e-05,715,
0.661802724996,2.22055721283,0,0.447618197117,0.000233899101782,716,
1.48069989035,0.112520776689,0,0.512104244457,2.69992722866e-05,717,
3.76787503163,1.76611447334,0,-1.82724173491,-0.000979033771029,718,
1.44553698699,0.430892080069,0,-0.705183106422,0.000469391781989,719,
-1.10326449474,-0.929056167603,0,0.816894829724,0.000636451408382,720,
0.282594875493,2.40879678726,0,1.99545744988,0.000492604404137,721,
2.72056944768,-2.72766089439,0,-1.13883068355,-0.0013094634269,722,
0.247087196508,2.37322878838,0,2.2346860095,0.00140881084571,723,
2.89751418034,-3.09113478661,0,-1.6406244596,-0.0016176516852,724,
0.256327585378,2.31788182259,0,2.34391453787,0.00166250546989,725,
2.9789417545,3.02654266357,0,-1.85874693286,-0.00175274636325,726,
0.29586120049,2.23245573044,0,2.40258270485,0.00177646711151,727,
3.03888781468,2.91015791893,0,-2.00347602861,-0.0018360284851,728,
0.349265531698,2.13497662544,0,2.4213971109,0.00184309147154,729,
3.09700472752,2.80652308464,0,-2.11688683984,-0.00188950273971,730,
0.410968379178,2.03273415565,0,2.39459225498,0.00187750718776,731,
3.15696461598,2.70885634422,0,-2.19983044193,-0.00191122717883,732,
0.4791445295,1.92784631252,0,2.31571445457,0.00187762949993,733,
3.21701176564,2.61935901642,0,-2.24550374399,-0.00189579105586,734,
0.553388671079,1.82032084465,0,2.17847982664,0.00183795002439,735,
3.27354033391,2.54341578484,0,-2.24948679547,-0.0018387920481,736,
0.633686558404,1.71021902561,0,1.974539536,0.00175333362308,737,
3.32058937947,2.49110603333,0,-2.21097382606,-0.00173661974082,738,
0.719368831315,1.60006165504,0,1.69219887624,0.00161876171176,739,
3.3450988094,2.48569583893,0,-2.13367337823,-0.0015860097496,740,
0.80641217629,1.50073957443,0,1.31879004903,0.00143061139929,741,
3.31253703038,2.58873438835,0,-2.02621845632,-0.00138550186936,742,
0.879220561185,1.44986045361,0,0.853957021153,0.00119244335908,743,
3.12332184712,2.97846984863,0,-1.83496714514,-0.00111277635378,744,
0.893325046697,1.55035448074,0,0.365302424901,0.000910153987101,745,
2.56830914418,-2.17957830429,0,-1.02256998826,-0.000573861370392,746,
0.817264811197,1.77302408218,0,0.317357044079,0.00055379087462,747,
2.01736338536,-0.647314548492,0,-1.97624277285,-0.000947530547649,748,
-0.733460112414,-1.36385583878,0,2.56176870375,0.00187396150712,749,
1.93372567097,-0.585424900055,0,-1.32661214774,-0.00160502422795,750,
-0.359962983927,-1.87658452988,0,3.30870611865,0.00191250393026,751,
2.31982024113,-1.14992427826,0,-2.71767047003,-0.00248536589482,752,
-0.494442625842,-1.69669961929,0,3.10972093293,0.00240230654708,753,
2.28250821034,-1.10010910034,0,-2.58371342917,-0.00234610537984,754,
-0.515352412066,-1.67568683624,0,3.03936117836,0.00231609650411,755,
2.24037774006,-1.04298305511,0,-2.42948476567,-0.00225163384258,756,
-0.530832691989,-1.6652636528,0,2.96366283693,0.00221949040687,757,
2.20160849492,-0.993131637573,0,-2.26777436821,-0.00215201075876,758,
-0.540315075717,-1.66604471207,0,2.88626353421,0.00211925724698,759,
2.16960461537,-0.956249237061,0,-2.10874968589,-0.00205297593693,760,
-0.540542288623,-1.68297672272,0,2.81341207995,0.00202216346783,761,
2.14771063725,-0.93762588501,0,-1.96514632676,-0.00196230626955,762,
-0.530756398043,-1.71731519699,0,2.7469429941,0.00193421645629,763,
2.13703091542,-0.939075469971,0,-1.84282823742,-0.00188322983483,764,
-0.512546702227,-1.76679849625,0,2.68414288243,0.00185665306839,765,
2.13575966755,-0.957876682281,0,-1.73756676304,-0.0018127361991,766,
-0.48791567882,-1.82866334915,0,2.62081161395,0.00178603221536,767,
2.14081700245,-0.989391326904,0,-1.63982115331,-0.00174524591318,768,
-0.457654162249,-1.90220212936,0,2.55376080301,0.00171704039301,769,
2.14978964726,-1.03027391434,0,-1.54065027397,-0.00167571023749,770,
-0.421083851657,-1.98926353455,0,2.4807223483,0.00164514364169,771,
2.16152842442,-1.0795788765,0,-1.43334215883,-0.00160055086393,772,
-0.376187964282,-2.0942401886,0,2.39923844835,0.00156655750059,773,
2.17590268055,-1.13857841492,0,-1.31218530814,-0.00151637892163,774,
-0.319254561267,-2.22497224808,0,2.30548195446,0.0014774319046,775,
2.19351036946,-1.21071338654,0,-1.17053164,-0.0014189945794,776,
-0.243569775424,-2.3955886364,0,2.19221484067,0.00137215721281,777,
2.21560128132,-1.30239772797,0,-0.998427681743,-0.00130137095167,778,
-0.135938688121,-2.63407588005,0,2.04370538869,0.00124026811149,779,
2.24455817143,-1.42586517334,0,-0.780836185507,-0.00115107855705,780,
0.0321335355428,-3.00316548347,0,1.82256514654,0.00106049897598,781,
2.28888972203,-1.6103720665,0,-0.518504797963,-0.000953227046246,782,
0.309399322667,2.64692473412,0,1.50746073858,0.000824567051302,783,
2.42176850239,-1.99496459961,0,-0.484410998226,-0.000810344210283,784,
0.507757620015,2.00850391388,0,1.86031991638,0.00095348562392,785,
2.92849238316,-3.08658576012,0,-1.65713097912,-0.00142978919951,786,
0.46403630177,2.06222653389,0,1.97271172935,0.00147484473967,787,
3.09836275975,2.91671538353,0,-1.93102138123,-0.00158544495277,788,
0.489483670392,2.02163124084,0,1.93736390074,0.00157043345493,789,
3.16733677784,2.8125,0,-1.98738718924,-0.0015926673361,790,
0.545295671621,1.94133365154,0,1.82119891103,0.00154487069199,791,
3.20838435093,2.76144146919,0,-1.99004922064,-0.00154529059259,792,
0.616172210374,1.84721064568,0,1.62451600432,0.0014649406098,793,
3.23206551472,2.75058913231,0,-1.95667829858,-0.00145079150544,794,
0.695443526902,1.75434136391,0,1.33139343892,0.00133147670349,795,
3.21973784367,2.81718444824,0,-1.88702898252,-0.00130274203097,796,
0.773476556936,1.68869531155,0,0.924235103878,0.00113744665006,797,
3.10455210606,3.08852052689,0,-1.76649989305,-0.00108823881524,798,
0.815553323427,1.73402249813,0,0.441720604449,0.000892723378853,799,
2.71715958516,-2.35387039185,0,-1.47155781771,-0.000773149214738,800,
0.604861275354,2.26189494133,0,0.70510153824,0.000879203910017,801,
2.61932404439,-1.94964694977,0,-1.95071178462,-0.00107228885593,802,
0.13149328629,-3.03788089752,0,1.83412091586,0.0015274827169,803,
2.63561947743,-1.98387241364,0,-1.94903986566,-0.00152615830548,804,
-0.0140066583964,-2.81626963615,0,2.00167467297,0.001593102581,805,
2.59737618367,-1.93082284927,0,-1.86245655174,-0.00155755602961,806,
-0.0725344856593,-2.73689866066,0,2.01855677591,0.001563696157,807,
2.53405030171,-1.84583282471,0,-1.69238211974,-0.00149453948003,808,
-0.103077455363,-2.71124386787,0,1.99149965718,0.00148301378747,809,
2.45858700673,-1.75347185135,0,-1.4316861157,-0.0013774816454,810,
-0.10388664802,-2.74881482124,0,1.92981857329,0.00135208466278,811,
2.3802216808,-1.67652416229,0,-1.06434733379,-0.00120381889808,812,
-0.0307957371089,-2.93404054642,0,1.82848002646,0.00116260595232,813,
2.32178337971,-1.67193460464,0,-0.596604133637,-0.000974227039122,814,
0.25058706204,2.75004339218,0,1.58344242783,0.000875433592064,815,
2.38702519337,-1.93705034256,0,-0.372570511846,-0.000785150782688,816,
0.62504090468,1.77531301975,0,1.80400245483,0.000873313154808,817,
3.05641777913,2.97127699852,0,-1.89504160119,-0.00148357588464,818,
0.607883469262,1.85245490074,0,1.66789774014,0.00142837890833,819,
3.20157416264,2.77834105492,0,-1.97699526179,-0.00146064525929,820,
0.641572729745,1.81928348541,0,1.52826421168,0.00140411515309,821,
3.23825247685,2.75046682358,0,-1.94329891795,-0.00139003294005,822,
0.701540605226,1.75536048412,0,1.28021728068,0.00129016879324,823,
3.22221930424,2.8209426403,0,-1.87776481251,-0.00126343357877,824,
0.764579610029,1.7087802887,0,0.930895157227,0.0011231991186,825,
3.11707861821,3.06839680672,0,-1.77293834534,-0.00108082118888,826,
0.796319202581,1.75789153576,0,0.525326226478,0.00091831250673,827,
2.82020314137,-2.56051564217,0,-1.56761294312,-0.000835934467779,828,
0.65243740479,2.1603782177,0,0.593445322036,0.000862790956965,829,
2.6621158878,-2.03383636475,0,-1.96319535017,-0.00102031590504,830,
0.197286919751,3.13136696815,0,1.7058000509,0.00143601649546,831,